MSE,MAE,Accuracy
2495.295166015625,35.56446838378906,0.8075388442942308
