MSE,MAE,Accuracy
2164.220458984375,32.38065719604492,0.8151099029854244
