MSE,MAE,Accuracy
2244.61962890625,32.5428581237793,0.8147158131682611
